hashcode,performance regression
36d8bc2018d03d4fa1bc812180cbb42e37062f82,NPR
8fc4243d0f15813c9caf37635113489854cbd655,PR
5db03b63daf09a8e118cb10f9342520f5f22f016,NPR
7ee38785ecdd2f5a56a41302d4482675ce0d7e68,NPR
911cca0254267decd90a4b6a9c0610549309a451,NPR
3da5c04cbb2e1970ea07dc37cf8038be3af9f45d,NPR
594a75dd353c78e4b394eca9d157f722bec2b040,NPR
fc53592d893f5a2238adca8a2bb496743635893d,NPR
822b35c931ceed02b920dc330a6c0b4fc2ca5602,NPR
a3b10fd7c5f497f9efe017c69df444d8cc952963,NPR
0e10fd5df63e3ad3b4d3b030ad4388b5a8a42d99,NPR
5cf2e6e70331140abd391a6e1ae6f3e35eedaadb,NPR
5e14c461c04f71fc3f35a5ac2e75ed2df0d7c462,NPR
be4395d3ff5a06a751efbf7a34a359fab4513b73,NPR
54a5a14e3d798e41f94e140f5b6f056559e8d9a2,NPR
e78ac28f154b10a4b2c5c8a977450c5dc3a9aabd,NPR
bc54062b89022415ae77db8796c961b4574f6d7e,NPR
1deb492fcf2449abc14b5ad49ef2eba6ecbcadfb,NPR
ce3fb0ad1e43240659d8a4c2621dd6256c38a2da,NPR
41a3541206dd6dbd08b0e1a636af0c6201f0dc69,NPR
6f91dcf935c3e142f631361a1e830ad204509a8c,NPR
8c9f67f8d1f65752ecb7eec4749ea8dc1b0e57d1,NPR
6df367a33637084066012de9884a702488ad5063,NPR
e3c062b1f4a4da7fb228f9838d72092a9db7c44f,NPR
f633f108db4fe343a0f7652eb4b29e0fa625a6fc,NPR
87cba322475fdbd57024938e98940aaa4c8c70d4,NPR
9c135008cf2e9d56c6843cae359e4f12a61a6606,NPR
aefbe1dcbab1896f885f85b07de202cd252bc1db,NPR
9318b80535d5caf1a2ffa90d09574b19d71cddf5,NPR
fe5b69812cd70489f61bf844d9c99ef625377d2a,NPR
db4c70466f36ecd1ff66fca182a8c2d5f5f7bc76,NPR
fb85861e5c9581af4fc14ca627f6ea50c50458b1,NPR
4663017fd8be76c4067d4658b3d20899ee2fdc83,NPR
efc23677c429f8f6651a2bb2168846c9dc280a4b,NPR
175a97b7664b967bb30ce03282c2953ada8664c5,NPR
4646ed1f76f6d90503bc4969d1ba772daea7296d,NPR
a8bc72e0faf362ec898080bc16018cb7d19ba936,NPR
ebf0091c5d5ed3eedeaaec0b60aa1032e80e2ebf,NPR
5bd1c6b2c6ca58d556f180a3f71c71361bf1b0d7,NPR
d1ed0e8626379b5a553ce9ba0f66de9aa75e180b,NPR
fedd7950785eb43e4c6a815a44cbd0d8c34adc2c,NPR
288b1f323ecaa19345474d78d8263cc443eac3d3,NPR
155a63e9d1b2b1a9593a076aa63acbccba0f03c4,NPR
7fe0093b3a1053ee10e758e25c0d91e451041051,NPR
ed4098cf0bd2e0a66b860db7bdaaf5f3756102a7,NPR
0c8d86eab3670535dfcb5ad4d80f090f001aca14,NPR
8be1913f1bfb3191fc68213468764f35f41e9797,NPR
6884325da0e0ec3132f0342b2f490a75abd382c4,NPR
e15b9a822354244e84d031018880b030743c961d,NPR
007dccb452ee15b50dc8b6745ad7ed4b80a2d9c6,NPR
e78fc1f87402d04f2c32bde43722d8e78ad0cede,NPR
3c4f78708e58da0175014cc281a30e989a9a00c5,NPR
d1d4382bb9f45a6c63825ca0334bcd9a0fd48086,NPR
2bba5dd5f0f40e51a89cbf067c11b0852cb5c82a,NPR
9580482464321af6b17f05865a9b97a6a6d5489b,NPR
32e4e9152823258764c91262d94d54989397c5b7,NPR
ac956fe5eed337c516beb504aadf82917c26d6ba,PR
d6e459ad7ffa5866c746c4991747fefff4115ba2,NPR
4a2c5483f0f323e8be4765044f4bc2f9ab8e19bb,NPR
2536f4988202a6b635bf374693f3505064d49d75,NPR
c0540e086a05b36cc32a2f82e3d3827ba182c717,NPR
455f09fd440545dcb72c90cc966c78fdefbbd0ed,NPR
ca3eae22ad83724c3f0e98656f593516483fbc65,NPR
141c08bbf9e6da5bec6a3651d84e1d2664681c9d,NPR
e83835232671716d1e94581a820326264a7cf174,NPR
4f0369bac6db4b384cd2e140c9aa0b35b7231ad2,NPR
06b2b86b97022c0f5d842b8801adf8e24a43477e,NPR
1c66e5057b26d15731e5be1e0e1525cbc3b5b2fb,NPR
22cfadfa0fa6470d8dc0ff3487cca529a85f638e,NPR
a50f62cc39d87d95793e26009511eb266b7e7934,NPR
4769c36b6fe444cb929bc6cb81104903a806e525,NPR
8a6a8995448c78c2a6928d39e363c88fc579e01f,NPR
1d076018a90161aaf7bf1735ad806747ad8370a5,NPR
8514fd6345f493deb91f905bf24be1000f28618f,NPR
f4260c7af6acb5ad06948126d8f97e0b6e81093b,NPR
b0a2e19b1db9a26a43dc5cd3d3e7ab3fef5751b8,NPR
90eee705baa5b7de838ab1688e150b9bcd6cf555,NPR
64aa9d2a66f2ac36a172a0d580ece3de339dea9e,NPR
84dc1843f7ce5f6071f701e8588e5673f49b31ac,NPR
896000fe1f4c44218cbb071d44b4178f5bb54824,NPR
c74ff14b53b0359050a8dc13db4a52b5feb35562,NPR
608a055df48181bd6e968cd4789aefeac87163eb,NPR
159a9c80059cf2705eb7891c69db25e13cb39cb1,NPR
0ecbeeb2e3e6f07db8a8f87701e61e99ea641b8f,NPR
22a452323f59e1ea207368440c8a4315a1cd872c,NPR
a2af65340ad70ce370890d415a1bb57e0da182ea,NPR
c3902316d2ecf207482aa25fd51d18bb4a387b4e,NPR
691b57437bc5d0e75201646abc403ca3f6b59bb8,NPR
b01c64d23c67caef178bdfcf7cd92d5a519f82b1,NPR
76af3aef79e9732253c20621c39cf4347443e5ae,NPR
b0e855a2d29c2a588a2ca8e03359a839e3dcaeea,NPR
e781993fcbc65a2a5aa432df08c3bb6e2e1e5711,NPR
475a99b492dd9f4ca8576232ab1981f0cd9c27c7,NPR
8e76aa3cdb8b794bc1db18964494f7213446af77,NPR
61e229bd0403f07a28ff690e92f687219b422192,NPR
ec928f75c0a11d3fbaa33f59b0b76c4cc2868c3d,NPR
eb306d42c6daf184ca3288c203c0e810817a49ca,NPR
1d4a25891f157467a3ca3cef025427d8375bd17f,NPR
0f42f01e8c021d3d5099168dd1c27213b33ac24a,NPR
0d1a14e95d47fb6c0981ac4ab608b8b95f4f9b80,NPR
b169e5bb07707a009c87c346461f84f2d8545dde,NPR
0cb9748ea28093f4377dd8ca9314716083cbb9bc,NPR
25968ccac4bb6c9b632e6bdf140d34e305d5c02b,NPR
1feb5047245eaa18561f3c82182f783d1f170a9b,NPR
1c1e43bc33bd686000b482cba2c102847bb68c87,NPR
622c5babddbd548731cb56bb49f341ccd305fffd,NPR
8ae97d00b15a3363e9e6cda1d08f61adabedd1e1,NPR
2574bd6816039d77ab0caee0c6c108141bb92f62,NPR
322fe4df08c5306f78a736d802f3fef6159c3882,NPR
4ce6e0bc3755984c7703a411d8ae77adb8929317,NPR
a155c538f470edd337a3dc1bb5dd4cf22c11c692,NPR
d9c9086779f8bee9b364692a7af4855c081226da,NPR
29e8dfa6b98545bb5eda430f6c23543bd2d0e860,NPR
f9f6d588c58873a04ea0bf50f9bab8d3f3e08833,NPR
abb4089e58f68c90c528597ac8c295a9539750ae,NPR
15f909b224b4c4345f06e52acdb4476b6e423f5f,NPR
3b1a36b57010322094d83ceb606b479570d7efc8,NPR
3aa2414965c36647d1f0305d529297e900077718,NPR
e600981e6587d6a5204983279fab686981b9bde9,NPR
07efb963a967fd8d3c2342fb137f826481390ad3,NPR
52b322bef7ec97d1103fb2590613997ade2b9efb,NPR
1185d5dcedd0d96c05659285cc5be6349a15f2a0,NPR
e3fd9d9d737dffa9ae487623ec98d68f487b3058,NPR
ef860da507ef31a604624a434040bde984d310e8,PR
7af3e2519b7a327b4f34bd091ffc650e54bad6ac,NPR
44a48d9f82f4ffbea1100f35c8b24a7b5b65d091,NPR
ea1fd86638ccaff3b707c508dd95b3b696bd6b11,NPR
572a65110d9ca3c9d3bf2151fe23869e211d22ec,NPR
208d54adc36403566a1bd0128a0ea97ea160dc1f,NPR
de6df16321a3824c57bf2f5bfbd5312c12678d29,NPR
06c510ade7c80d657b57da1d488a41caaa30958d,NPR
d9db35ef7ccffecb2f73841a3904d2e08b6b86fc,NPR
84869742a3f3d10ae771ed88558baf02b7aaa1db,NPR
af5954374ae270e5a752f64b350eda10dd7f6845,NPR
ad3bef4c65b8022608ce8dde7f29d92b448aeb85,NPR
224f65d666d42475a5d7232ae20e2709c2cc774f,NPR
4983fd1c21df0b132c5dde2643fa9569bb43a943,NPR
c01dc8c89d052dad51f20300b5abdfb86fc5f40c,NPR
996c3ff339489838b25fe1849895a55cc428e648,NPR
1dfdf1fb53d63bbb9683d3fe3d47e6df7ef4deaf,NPR
e60ad1117d401e5028b7060630fe64731141e855,NPR
b4f066368015d464952180df48c9864a79bb45ed,NPR
4775e573539d13f19d5d8d187e6f8acccfd5c85b,NPR
dc36f7d190e506eceac52a80d7d769771d401453,NPR
9e2d737a785863f7cd38913ffc2b559176aa5cf4,NPR
ba2a52348af48a3a141348f815e9afc18b31f91a,NPR
10e43bd859b88d7202755a5d095b68f7468b17f0,NPR
e1880f4a41deae9232b8a0d4e79fd89f9e23b4af,NPR
9a3bab946da533859c16359fe1afc76385080941,NPR
8385c356cdbb30db4c6a2332bb8c28ced64eb788,NPR
9277e776530d34f4a12aab32481ad010671e9fcb,NPR
cb83309f30e4f135fa1ae6c7699d208ea44526d1,NPR
302c0e6ae1d5ea21c916df3dea11c68edbd83f8b,NPR
d87b91cfd046c6a072c3af6d2a74c73a860d4641,NPR
c75bda46a4daaacbee8be3f1dc3341e0ef1b0bb6,NPR
2288efe0abc5464ab611d035c8ed0746a32c9858,NPR
ac2921de9ecc467cf29d677070e5366f5a170d60,NPR
18bc774fb5842c101443acb0eae175cf5755c7ea,NPR
d0fd3dc308c670a38957e334c0e757183e914486,NPR
567fdac2aeb325ec3b2d665034b1cb7256a28dd3,NPR
6890ab1f2745900b2ef1fa8b9ec8a36934ac03f1,NPR
48b57265f6344ccb3ca5b4c57bee2d8db9817a95,PR
2fd27f464106052a46b433425eb1fe535b617d5b,NPR
6e0ae14d5037242adb3096821315c45a41f7b900,NPR
0541b3beca37aa54e35cd12b7aa05b0164784c61,NPR
b6b1648800832d3182d84d8457b03196f263ca1c,NPR
383bc8f251ad42419354d1f40f8487435f470bb2,NPR
e17a4dd4ffcb6b21162d7a9daa5c7c49cb414e58,NPR
5c19256479d83fba35e5d9b988b9b1d87f3e325a,NPR
5004f15e28e8753b8661bd76264d62ab7ac86046,NPR
39e8384f6bfb9a40e83c947de26ff33fb3764f99,NPR
19528834573297ea4b020c2de5278fa1568a1042,NPR
58b5b9c6860e229328fddfe69bb4a4e248ebcb1b,NPR
98cc740f456b528865c1d7bf2564036507a5649d,NPR
e2763e214b17f981192d7d2a0abfa5f6033e416e,NPR
12ad423436c7bf55d96c84d57aa41a9dfeb5f55f,NPR
4ceaba85f15f3baac5be7e8697a110194548a126,NPR
2ceee765f720eeb316f4283070342ecbb3cc49cc,NPR
b31e0310e713f136392f351a709acd6e5b19ebde,NPR
e5f4d438e887e63237b0a3836f4aed40c074801e,NPR
d65d91e51fb6cfa87447b5c8cee0a5d181dcae7d,NPR
8ee4adc898a9efc6060ff4f2794cdf1a5d86e26d,NPR
5027dc5db59edae3b59cf08a03276da7efa6a2b2,NPR
94cf95217d0c359812f4d89178e8b5db8ee6367c,NPR
38332caec5b15e43093e91e387540bdfad229dad,NPR
f6f4d52db88791311ee3d519fbd780bbe23ebe2b,NPR
c587db79d6853fe21d56e070a343d018f681575e,NPR
821760d436ad9458fe2838a4744b48ddb899042a,NPR
ca94bafb114a4f462550d294521c30eb7591f015,NPR
9bf8284908efae24acd4cbb553b391f6e005f692,NPR
fde213324199fedadd52651c779f5bef139a18a4,NPR
544904dd94bc5b674f31e3f4a1ad4becbeb387a9,NPR
fdcb48c530a91a1cd4a18c3b452048c52de9965c,NPR
e9972871d6dcc24cfb56440c46e1f085a31b85ec,NPR
89c11fe03035b68b0a2cc660d651587b5b338c3d,NPR
3f0a330a38b059991ad4c271823a75e738c3d84e,NPR
a0ce7f25dc8c1dae196a4c18d5b4395940d06fcb,NPR
ea603c35b85aac6af476c229b8f17a72efd31fef,NPR
63a87b9335a907d0d0a639dad7aa024a01830304,NPR
ba77f23b5335b9c7e5587d1b1e925b498e6ce6fd,NPR
7fc38204cd3e633f3e9a1bc7e7245504fcd2630a,NPR
7317dc95b0c9d09b94f37c8ae3a48de8b37729cc,NPR
3baa7d6742f7460bfb0af8edf48bf1575658109a,NPR
d533f29cf497343d7aa4c6b5f94d33cd3f4be1f9,NPR
f58d09f6bcbadeaf69ab59841cd14829aa75da5d,NPR
f408795c6ff1e2510851e611cbc3662e4c29aac7,NPR
882b7656bbb6dc426fc08a653ae1f677aa71e931,NPR
ec1d1c7e9e026af8a42f5ac40e623fefed146b9f,NPR
b9c8d58cb3099edef9e03e040ab695b3e5ca5fb2,NPR
1481cadb0a281b04db4032a4edc92dd01eb789c7,NPR
290799a222928de892fb72527a3acf934ac7c480,NPR
e774d74c280a49a835211dab0380f3ea76ce4887,NPR
dc6d1a639cc99655f7325a71fda276217839c670,NPR
d860a8cb58360360199442e92bb9687d1cda18a0,NPR
a37f08e661a9af921aa8939babec048d48ebe2cb,NPR
1e4a20ba0ca4bab5048598060318a63236c132f7,NPR
9c7788097baa0150686e0a39b0603c2364b21a23,NPR
2888f5d6c9c529d3eee09c5a300e9480ad5b092b,NPR
6b0771be130f16e59b86de7d91aae207683dd528,NPR
d0d570c7dcf8d4e33d7841bf91511afd9eb3479f,NPR
27eb3c1283f6cf70c5b6ce70defe51e4389321e4,NPR
7df7c5762a6236ba628d284723fd6bada467af86,NPR
483e662125dc9b8e81dfea6057eb78fd4d5945e5,NPR
2a6f9f2c4216829cedf8987dab4109dd89f06688,NPR
8b884436a9ea9418f03a0428c9d98f1f393502d9,NPR
074c5065ba8bed9ebfc8afc84a1e4e7401b67ebf,NPR
85ad25d9c74866e212130a63ff9d91463aaa15c4,NPR
33a43e1af1e641bac4b998aef86789cdc874557c,NPR
864e30a973560ecf51584096d0a4a81e54912f8a,NPR
455face52397dcc6da6de894418fceb80ade6982,NPR
3f45560ba476249028afb3708ccc3a02b26a1beb,NPR
0334f7ebd2736f657dab97285dcd2f9f04467674,NPR
12e8fed01d16d1cf91d1eabd0ddcb52a79b15a87,NPR
7b1d4117701913d49185f436d5a930f7604c0e03,NPR
1c9e14561487a589a9c26a8d81036999dfa81075,NPR
12aa8698f5c270dcb1620697d63e14c3b815cd25,NPR
bfdc2852923f671452c66ddf261c87e7e2e5b497,NPR
44f42e82278a6d507b20458c5c252f0ed9c9336f,NPR
6d9cb6429f8465fccb4bf34ff74682ae4d246c6f,NPR
55cfa31b4951b3a39dfa70b420968465ff0cb86d,NPR
7384d06bf3425f3d9b590b3b02c0be51c301928a,NPR
fa0b523231c2897326945fccb0e7c0e81b4dc310,NPR
e2207349b19d8ca389fa720b3a35ea361a9d65d1,NPR
0d9cd9fa434c0070638332b7f2243af0277461eb,NPR
fca3ed3fc884528bc1e91ecb0d441126cba3859b,NPR
e1dffcc2b745b4b368d176048bfd3b6bed3e8223,NPR
6d8e5e68ca08f2a1ce433d662833abde825e2cff,NPR
d61541d6be75ad8ac5296f6420e7161b6c0ab26f,NPR
d2c602341294de5f3762af478b79d984997f271c,NPR
17628141a43fd5846a0945891172bad62cd6cb54,NPR
aae5397afef690b3571bfa6a0dedbe85a48fb031,NPR
2ec3403463fe4fe0a709f23bd13f21d9e5cf52d3,NPR
d962de910a0ab9241347e8dd4a636bc8fb506719,NPR
e2cf3613a0e83d0196aaeaaf5fffe3adf92fa7fb,NPR
39170c07410d472cdfed24a3770d49de05e1adac,NPR
bae223f391e4c1e2982ac8c4fbc1378b9387b1e5,NPR
8a42d5ebc3dc852885fff18a4b0c321f1dae072f,NPR
bf2af8f6902bfc1cbd9feab8bc8fc819ec1685b2,NPR
7d9b98b584ca00235d5d37a1158777c02e6668a9,NPR
15138d173e77c109fcc466f3e029d6f7178ed652,NPR
d99951470163764b3e01a119dab2822e5fd98204,NPR
41ee30480446ad91f8eea49cdb0e4cc1af0f8c2b,NPR
05077176f0e48524591285afedb8b9f2a5e81f35,NPR
4792735682d47b8820f0cc42a6be5d1852144886,NPR
0844691620772764af51e7f2d0c0af9d4d3ac999,NPR
6a860445d9daf4d1558dffa1d8716f079a647e34,NPR
414e815aa0d010c331379c95590513123da935b0,NPR
dcff4e9fa0dcc5cdadc61b65f2f001722d6a0b92,NPR
a67dd546615c1cdb96cae879e1c1623b01654c4e,NPR
3dcedd2b6838ef29abb179557b6e42479e93834b,NPR
b0ceb4eeb69f20f0e4242736ae3e19ed2b9c5da3,NPR
36c91eb2bbff35d307c10ca037436bb361679170,NPR
6fc270527d488b83699465de0b73a00c7c5d54b4,NPR
41bbcd84c8c1a4b60699032c846c387ecc1a4daf,NPR
5cddffa133e7de41fa9efb5962cf3d0cff9b3e89,NPR
657272f9087d549b3f5e0f32b1a2a287c58da7c2,NPR
3434c075facbf0221e6c62e2b24451d31f51e8c5,NPR
d1016796643be6a17ee2fc1118d0a7a198d41c0b,NPR
36d774e5767d170a78dd51d593116f79197a9a29,NPR
1eef25a42925af19de588277e9ce5aeccecd00c3,NPR
26442458cd232add61eb04faea9c98956a418a43,NPR
e887c94b540f53859897a21ea8012b6bc485a730,NPR
9bdda3fb87a1a768feb840c4ce27fc643d22a3f7,NPR
a40dbb79c96c9bbfdbd59d5c88a0e4707e3e0dd8,NPR
b48bcfa21a889bcfcf356e0e13c24ffa59f355ef,NPR
53621fd6b5fa63f247b4da034acaaba8c0c88f16,NPR
18ebfc507f1b3ad273e8a301d17121da827f9018,NPR
609ed9d60e294ca9bb6804024df40b506536df25,NPR
791e288ff3c8e509bc5da11b3f0d7145610cb792,NPR
3a00c863378daafb932b596c61bf89d60dae56cb,NPR
6c629a8bf508fdd9a0ed8007bb3e0a5263e1275d,NPR
cc97b7b096aee5c020ec300d4a67fad900a7b2ae,NPR
efc42952584d58e8807b504f7a703f9f5a565d92,NPR
30a2670b336c3a4e4dee57460577b4bcc4b9e9b6,NPR
50ac85338f0bf0c4f70327f5683286c71f15d7f5,NPR
075ce3ff26ce390598a4ff526e0cdb58fc49857f,NPR
a57bda8643168235402e8b61aa1762d7675e3574,NPR
6b9505b84e593edee49c5828c3ba6acc2e6b36a2,NPR
2967c235a724fc81d6aa38df92000d65eb4df3f1,NPR
aa65eaacdaa0aa35a14fa803c5bd217dc63ccdb9,NPR
dccffbe404da0badb5046295a2ecc818a771ed27,NPR
4bcd73179d6df1a9cae18e5d0e474c54f16dc43b,NPR
f7a1d5ce26562318655f94db65b80509ff861b8e,NPR
b5f66e3558739dff03ae6bc75253fdc45830aa3e,NPR
f737b0509e1821379e2bf4d0d6f48e5982b39a80,NPR
43f91be31a4032deb0c947631f0f1f576b340b3b,NPR
725b79764db6c7cad901d01e3f4d9d06e5a3d0f1,NPR
afa4dedc7ead6b51bb086d84f82f76ab1a29ee0b,NPR
bc57016d94254aebfc8658fad1fd04051efb7b71,NPR
2a629d63ac7aa8eed5a27e1ad3cb465b1924a0bc,NPR
a33c66ead4d873711972663ba6bc38463394b6b8,NPR
13d07822f808d51ca089005cc0a9466dff69b67f,NPR
4eeba79ab6e6b343c931182daf2568d7ce921466,NPR
dbaf19351109463fe25969b8f480932f76cae6f7,NPR
e01cbd84fbdb8e2aeb19e28b1fd2d21c43ae10ab,NPR
eca5eb3ac3c92d533596f11a4b5ba06d57627c66,NPR
29a364a72005777f6ff9c764c77b753fc310743f,NPR
ac6d8e22847c19b2695cbd7d1f418e07a9a3dbb2,NPR
11f0b4090937b2aa998734aa2bf032ee8c428e84,NPR
fca10e3306d3349ebf452d04c770b6b0e2213c48,NPR
7f5065ac837ef92c86bccd6a6d5372c7122f1b64,NPR
53c68d4c6e7b00a5f1b819769914f95c0929081e,NPR
16f77b35fad8e0594af96accc1a3b97b241aeec5,NPR
c0fefc8567c561fbe86c2dec03e8de7d16fa40fa,NPR
f611ebfb52309a5e11700c95dc1676d8f1e62d5e,NPR
8665d67ef0ac13304887ac33bca21c1a997f7ac2,NPR
c2437304c35bae701928c56230b9476aa9b39721,NPR
1a0eb768de8de376e4d59078babe74836667e294,NPR
6a1e6a3fc5392dd437a542ada1c372db41ba3af6,NPR
d0b4bfe4d0f96912573d4aa0e2e7bd09d50013d5,NPR
b55721a3b5d0e6e2cf8d4075eb191d715d38b962,NPR
e0a02273c70bb5d44ebbe70e97aec06e83a28f99,NPR
8f64a157488b2d838564930c5a9fe77f740b24aa,NPR
b435fb91320f209966fc98a8d7b06e23428c281c,NPR
f904c0af03d3ff6495bf3f473c567e60cb78f665,NPR
fe4ca6a0ec9092a66ba42ad8efd7a7fee166a8e3,NPR
88391ccd5f494490d183306368da42b79b36cd26,NPR
19cb615e929036ff36934dbca21a1cdc18147ca2,NPR
3357e8f6802578f842d3f4d554ad4af2a2041a3c,NPR
86b31e7772a491285d13063777c2497b8b9bb3c3,NPR
4b041e97686325afb2341ea009eb005e0b42d112,NPR
698f3a73d4e20594357e10fc7bb5db57bb8f7780,NPR
a81cb061c1f8c2a7a22c09e073fc1c0d2c64af73,NPR
ad3a43eb9ad2f6b26c3a3c8be3c13ed090e5e0aa,PR
e22dbdb8ef603d6bf629c51f4a852a4083779a9b,PR
afef47a14199b62b9690a018146e97f6369cc650,NPR
0f1018fcc5d97d4107024b25829a73361719584c,NPR
1eb7e2a82c0e43126a3dd735f7513803b2db662f,NPR
9f7cc681860fcb597ed6387d1b7a0850c8976568,NPR
467daeafb8e1dfb9ee8a6693444819500dd4d552,NPR
c77847efb6b62b9feac5cee435a4ebaec949c655,NPR
29e8dc34bd00b381d53d2c9e2281573a7b181964,NPR
d04bea92fd3deeb977dc088c7fe5646668c37280,NPR
d1ec5b7b684100776e36fc2a0784ce3e0cdbba2f,NPR
65df442fd6fe54f8878a06672a216632a6f44dd4,NPR
0e535351692fe8e67df43c10028522ded5913ed7,NPR
10ac263416e8c00a0987f58057e2ece6487e80f5,NPR
b4b7a7e6dd047e3f059b3fa6762572b25007c467,NPR
990a909b1e9a166392ebfe9016a68c0786f44b2d,NPR
dfd690999fcdde88cd9045d4e87871b564176fff,NPR
e95bdc64ff6ff037896f483c44dbe23a839d1de7,NPR
83322137000f2fd8e7132bd195ac863ae90eaf8d,NPR
ac9fa8d77d00bafe4d312de3798c542deb6b6185,NPR
7c05e72b850b60e034a25f62fb1181beb1b7ad87,NPR
5a5d119f6fa637115259ebab2c9a7be53edee712,NPR
29739a9f8e14eb6af43d529092576fb2ea41c359,NPR
009003120419e024b81fddfc9edf44d918272181,NPR
37d0d6e8356d8ad72f6ebe2e72219e697b190d55,NPR
ce077d441b3de10474f6faaca55f62f1b8a36040,NPR
c9a3e86dbbbe72d9c06b7dc62088160d90464b66,NPR
b46e037c90bc70ae790b28535b621101434ddb54,NPR
404aebc80a44310e471d6d2a7596d3dc88036e40,NPR
b1ac057b038805530cf83d952b708be5fa9bb8fb,NPR
f6d583d7e8adc19c0da53cd3d1d5aaa997d4b99a,NPR
654acf0f1306bea300214dbe579ecfc24cf9d0b9,NPR
c17c356729df9c031caf758d28de113f77ed7c5e,NPR
df5215700ab69512eddbc4151d36a2001d500104,NPR
32224282e4a0862778e9ed139c0900ffb2d06c6a,NPR
81ca3ce3c59f8498c3efc5e33b4aeb4c208b1cf5,NPR
60f0b5097c44932352219c75e44dee31ae16b3bc,NPR
cfe32d097af194273b3f7160caec7e662f49e85f,NPR
8fbde688c8502bedaeee121b75598b1882d43d9e,NPR
8394dbcce82edd037f1a83d905d5a3c7c11f046b,NPR
6a637520ac13991f4864c47f72d7459d551390a5,NPR
ac4b449aee6071c53533863d56a485fdff915fce,NPR
b808f26dbd24378b80de9a0c27dce51b0d1dc827,NPR
b895aaf507927798e72208ea086f21bbfb82afc2,NPR
8891c0cd047c24f8c3cd8c8eebcd0fb1c562eb0c,NPR
cec0479cb2adf9e8ba883d8cc0cb236dc1c5170b,NPR
0bd8d9a95f3fc7b39870552057473eaa4b658bd9,NPR
37fc371b620354819379e065937e7fdc40c11023,NPR
3d0b3a96f7141448f4ade3e3028b16675fd1606b,NPR
0aa9caeafde436b382f15de45d8b83c56ecc1af6,NPR
e183d16b2f03c06217f221f57ac35b6001d74d3f,NPR
7f7d10a8479598e5e076ed759d9c9b66f6dd20e7,NPR
cbdf650c6b990db4b6dce0c2755dd492171b668a,NPR
e7630238f94d7d5edd6196dedfb777396529be2e,NPR
8cc3b661a93a01bb63870a42816b32e14f32f2ca,NPR
1218c852d6690c9c38117658b66cc6b6a55473e4,NPR
f93c9c8d390706abd2ebcda367c460f5368b12db,NPR
66e604fa02551388baccc17f53e08a5273a49c89,NPR
cb93db34555c6d00301d2cb599d1f05a7fe6205c,NPR
46b4f022f2170d7c7d4ee8c6b0e98f9a860603b8,NPR
a84b41cc5e83c94043303549847daf9e5af8b9be,NPR
ff2a73a569eccc09ece9af8f6a0e2009bd75cc7d,NPR
88c296c67391f6dea4c1581caa82d801c5d94535,NPR
2e262b903c99f2884fc706ee797aaf35205dbf96,NPR
35f740f88a357266885fd1ad06ddc64c5f44a207,NPR
000e59c4f8a8d4495baac576d41ffb543715e040,NPR
76b4c5952fe3b4a5d3c65dbeddc431dda8d98c03,NPR
e8b3b8b054704e2a783473e95d815d4c44b8f64a,NPR
194a3b98e065c78f6cd6cc84b8b0129f0c987ffc,NPR
c4695c2b342cf8174a059b2076c823573748530f,NPR
97345f73f52705d4ddf7d39573f0a3b7aa0dc5ba,NPR
7cac58bf4c01c89c8028f69e5dd1edcfdc8a75ab,NPR
9d35d69e70f0cedacd069231a2c3429ef8cf5e76,NPR
bdc1833185c8529fc8ff851035ee8bd92c6049d0,NPR
f825083bd4f7834e1c619fd8fbb0c7928084f1ea,NPR
97b69b9bcf40917cb815a2d3a492f722a046876d,NPR
6f416287c9b1c6c44a774158343f11a64ee5b6ab,NPR
d6cfc28b491e950dfb5e2e8fb75f808c09744a18,NPR
e426b6f28c3fb6b4399e42e37c8e2c1708fa4602,NPR
80b8319500e68434ca6da91eb7b9243918cdff02,NPR
09681ac955ff6087cfb834cc6df76cef8b9726cf,NPR
9e0d87204916f8fa01ba591102c5e303f8331d63,NPR
72ce3a4b620283a3f5da63b8672d6f06692b8ec2,NPR
0e1364834b76278862206532974b7ae2ef664417,NPR
a71a00e595f87a8eb4a58778e21cf8dab788eb04,NPR
c2823b4de28120d86aeba9215f0231d990a8eb47,NPR
5f4b48c8b6312203badf021e1024d5bbb4ff85c0,NPR
7fd2916b5c5779302c1a2110368d233015a636df,NPR
c7143b8128265512ae2242e5f1d0c9e6c44c6847,NPR
1649b250e73f3536f56e1d6c009571af6a9c2d22,NPR
9a9b52ffd9f7681bfea94fac65ac150702fdb288,NPR
8dc12841329ff7e120802cc47082928bb8ad8e3a,NPR
62702d6092b3ac7351ef65952fd3fe68c531543c,NPR
eb85a3237872bfafb43f4d14e5a31d3d068a9246,NPR
ad07f9a1381ca6105cd385881a0dcf3004352bcb,NPR
1d170d7c9eb13286c5077f5566d1ba227e495cb5,NPR
d44510182ca3542bcf7bfd2312db13125b51d729,NPR
8fa79a2e0bed1b5472688ea061c1e90af178367b,NPR
f8d8856524fbaf9b72245ee84fd20c4afa996620,NPR
77be53c6f0f9a2c618dec320ceb9719affa7227a,NPR
22465419428634287352b09c71fdde714f71ca1d,NPR
adb9e688c8e8cc0b6005285369a9c31196487ffe,NPR
6f496e7a104700250ad0fa567c7338618f797438,NPR
cfeaed0a935b3901c1fbccaf979efbac4a819d6d,NPR
7ca3d1cb6f1317863b5b04a1b0a7bac2aee5eefd,NPR
be4386724ff18232aff492cb9145288df86ea61c,NPR
44dc429ff1e7853ec5ba16a7c4780cd9f4fd019b,NPR
9d0f0aa2154d518ba1ef5b8ef7011d3f58fa9081,NPR
8e2acd6198fe6689a91d93823659f1718cd6c744,NPR
603179e952c310a1a9c68f073bede72e16e7294b,NPR
f421d08ba44a5a263590510f3344e82b138189a0,NPR
d3f0320f2635dd8cfceb49c173037a94dfab7e43,NPR
186a6395d9976b1dedb15478e230bf72a988e07d,NPR
98df182bde0b86157ad1275e70a5d0ccc6dd5885,NPR
6cbca3d605332284ca58b3ef75933a0ad0fbc833,NPR
5f04c20030a3299de128f568e567edeb9da2c46a,NPR
75de237e779c2f43b692281b85501dd602847877,NPR
273ef30d2b23c28a05bd690ce1cc5292ab7d80b2,NPR
66f44d8450cf7a15667a2e91c08ced07d5e2d3d8,NPR
2cd126e3f8cbf8fee29f7a21f6c0c5c34fa63344,NPR
7c56b00fa90261f46dcadb36d1cc98eba5614a2a,NPR
9cf0d4909c1d5ba03e80f461cc6b225a98d3828b,NPR
2bb14b83d9ff7ff392973a0fa0ce860100cfc305,NPR
da7f2b7103d4a2df2417c489412faf911ffdb78d,NPR
329756ddac44143d1dcbe9f8ac82e9ca0a74b6ce,NPR
4195e6ebd59b9dac4065a1eb090d4343c2f61965,NPR
ec560f3cf00d273910eff35e26cac4f30ea0cf34,NPR
c390e92a59773635389129095d7c502844dfc802,NPR
8d200d4ac45a37d4fba68064961b0c68d0f076b2,NPR
fede6c9df74d370f2e728b5c46e14bd570abb83c,NPR
bae8621be86b2f63acc88348ff5f4843d5e6d030,NPR
e6f6179f33970b65ab354c902f1bb190550ad83e,NPR
a77c3de6211694ef2bffd7c3b94edc939284e560,NPR
19fd43727ba97f813d63679c1bb5242a334ba77a,NPR
e1704b0b6dd46cbff1e75e6c9becffbd8666a4f6,NPR
a58e727e03924c621d6b0e61a3312890bd5a9df9,NPR
9e11bb42529604371ca5024ce2dee701b3621423,NPR
5590fcffe6a3205b9b743957d8057b3f00eb0671,NPR
af5f14616b58bb7c9baa9449754146274f185cb6,NPR
c52609a96d8605d872f3fdb0714b3076580329c2,NPR
b338237b6ff25f37949e0020dd4e1350b98ed594,NPR
29c9807186ebbec7d42f2178a623c8a5ef4f6591,NPR
a8b08bfa87d7786dc48111cff9cea0c2a601fc34,NPR
59a5631be09bdba0005643c4899cc7a6720067c6,NPR
0e191a812008fc5181b95588ebed374215b1abe0,NPR
a9834ebb2702a069b5550147e54fd95cb16b0a4d,NPR
4bd6246d2fbc55e35dc893174bbfc01aa253d3f0,NPR
a5e4f7627916ab24363e130855cda66e87f17322,NPR
b18e388565bbe3b0b955c873311ae10ddac8a485,NPR
73662a597698b6cc756c0eb2ae17bdcbd31bc315,NPR
12b3c2b07f572ecfd7250fbebd2a01a798aeadce,NPR
b4567cac9ba8e46b7761beec165fe0999bdd7d17,NPR
b4067f1d6ef369d0405ed1781ef1d3c1005d68b4,NPR
d302ae009a0c4946dce1a7833005e06e58ce1871,NPR
173b073002cbb61ed85ee17a1445d97a056259df,NPR
af49250175d4f7d1bac931ef2b27c9dce94b8fa1,NPR
4d97ba98c5383ede0e675a4ffb4a3288fe73cf19,NPR
98642d37061fcaf6960440735a91896eca3f95e1,NPR
6d079a650ee1bbc9a3a0e2304b24fc084715bf43,NPR
a7168c62d7e04001c5f1b279acf81c85bd9aa1f3,NPR
5577e766f2f66817fe0de3607dfce0f4177f92ae,NPR
539ea8ba0dcc44f6ea762548b0791ceeac80fa43,NPR
1f0c5418c481793604f43f44481a0b25667e3b14,NPR
5577599327f405d2f509f612ac6a27718562a0da,NPR
a981a114ac38139cb78fb8a50cd8617b70d1d530,NPR
18ad3bc3d0ae6421e0db3aa0e5fa21599a831aba,NPR
1fb1e2715d56e633660ffe4733a7a868e6b7b531,NPR
b52647ccf5e00c977eb7167a78f064f2c115487a,NPR
b246ce859927a246c10a0abe525eee2b11d794cc,NPR
b9a86aace8278d09d448a0534cb018e5094f259a,NPR
84f28128fea6585b627a01c812cca0d610c994b5,NPR
58088f40385bbeae92b038ef605e53f3af6d67db,NPR
273da87a138885b93a29f239c5fdb515acb0cd10,NPR
350bb8f1d2727defbf75d5de38df694857505688,NPR
804f3764fe10e431485deeade302af46a89c2a3e,NPR
b82ae56e53f3d6dda8a750304de2dbe365c41030,NPR
858568c58bfd2f91acbcea082a955964da29494e,NPR
d58d420f116e854bfd7b155cc1aed4e32939e1da,NPR
91965b23e9f4186e56732ee6b49c244f9d5d74a5,NPR
63245465b678648e7cde4114d59ed1fc170a3dd8,NPR
526b46da9be130066e718551bfe3bdab8c1ca19e,NPR
b41e12e0956eaf93c994d1dcf929378653e788af,NPR
7b5f4aa15d17d18031b4171877abf7e3fded2d33,NPR
3c2c9610b6c76e2b348eb057d0a8268681d573a6,NPR
25e7dd0dadca8b419a12e27a82deace1292c5cd3,NPR
c32637998fc3f1a04345d2334596eb594c905c26,NPR
27001ede17dc4a715f745cb6003721e9e0d52809,NPR
9118d6bf4e20cae0ddc7e0bbb8069872ccc43e88,NPR
6213ed01951fea79520d8d65d42c61ec3f6f7ade,NPR
4f8dfd6ebd91612e86d4bf2f8b2d12f02db430ca,NPR
7b8dc6ef9357be3e3bd81efb5b8d1bef632228b7,NPR
e0ebd839d43ce6295df193d7dac4030c4eee2fac,NPR
3c35df9f5da6b39a8c49e3508eab5b8d83528307,NPR
df96e221d14616b532e45657d584d2fc4b42df03,NPR
fd32772bb402f6cc2ffea5f58c162f86a8aa81e3,NPR
38e03e64f1215367ac06d175094b5f7e04e19695,NPR
4bace84f2bf6acf0773623ea557b8179df3f6fd8,NPR
bf9a4904cd9eb94cc904433a745bf9b5bb835307,NPR
4709c6a21bbda65d5f1d2aa214a804998a5c2413,NPR
42aeabfe33680ea95697de43011da73fd2180bed,NPR
a4666af3a864a230864a5a6adc0a01169c7133fa,NPR
27ad738d55613e6e786e83bed91392112e7e33d1,NPR
3c6dcd6f869e28588ccbe6474eccef3f40545870,NPR
3a041973275bb68b9ab5f341b9f1376c0a05f121,NPR
531b4509d8c329c2c8ecad4dc73a828fdf5ba668,NPR
27acdc60aac2d8e5e4df204abcc7c1a74cb37f3d,NPR
ca842af6f009e6a95056dcb6e1799308c05746ea,NPR
56be18011aae1a8989afad91021a9533f25845f7,NPR
c53f316f1553f0ffb649e921672e380462ba88b6,NPR
1e262f67e81ebbb0ed33a812e0ba377f495b7e0b,NPR
a562a86b826ea1157e48de4c2a6c72183d904822,NPR
4f71679feef7dc7171fbd5b637c70300adb9e17a,NPR
a3f5f238d6442140dc7a3be8bf858d47bf5aec62,NPR
dd7759424ae2060638c8e3f13d53c95d3c9709ae,NPR
f73c59d7230e4225c638b2e3ab431c3d1b13e9e6,NPR
a43f57d8dfb776d61d33ff68289eb91f545b1093,NPR
a34b8c207b6418b5aab8c7ec304952d991ec522e,NPR
0a5291f50496ca96ef0b325a1f6d3140574a1631,NPR
13fc4c863137bd9324842555196d833b5da58704,NPR
6e3999efea71fd956cf3fe6e05c50af828157acf,NPR
d652a844b668f983d06ff7b82042c2faedd40ad8,NPR
80e8376aaf779859c4081f1ef004262320d5c1d3,NPR
e3292f5ae937cb0ae574e3f518bb77c5645be0a8,NPR
3f368b45a1cb46ef7da5215fbc2031d8db236859,NPR
a7d6a8818ea6f9285bc0777ecf7a8d1b56976b80,NPR
38b3f0b1527b35e49e9c93125911ff5b0634f13d,NPR
de8f7a0f730b7e30fc1fcb42a2c7330244701e52,NPR
38b3ef1428b83b2a8ed35af9c0d57939313b70e8,NPR
931e0e6731f8d8882791c2a854fa1e281aac8e6e,NPR
27aa8b833260df809fb3fed5f16da5853193e19e,NPR
00a29c8f8ee9a41fcf47a631fb668d8f5058d5d8,NPR
34b6199db070857e40e3a5eff4e943423ba34480,NPR
0f43226570bd7728fa9680665637dcd317e31a54,NPR
51e1f980b9dbdacf2b214022fae75f22ad0a30ed,NPR
4e3ba47da53d06b384b804e32540eb1033f1645e,NPR
bdc5c4eb58f1d1786ef9532dd1b2a3db1ac9efe3,NPR
d1328b4440ac127ccfaac09bacf18908d2de19e0,NPR
5691a37e8349f16ab53535f0ff798e9e6c9f28f8,NPR
e0b105f88f9083720729dabbfdc102372d18d44b,NPR
feee764c07bfef72202462f64f26bd52dc7c710f,NPR
d7cbb642f917319ecd0b3c9ce4ea74c51654a8a6,NPR
c1ea241e2ff13ece80be26b7ea38d0f161080fe6,NPR
4ed519f12c4a11f17522c38b3493b8a419df2914,NPR
193cef8dc8c54fbe886c103db43f47444fc4174e,NPR
244ddd1be1c9601ca43485780f34202499f83eeb,NPR
93994e32d7fdcc050a5094363423a6370bdfcb1e,NPR
e8722294cb5ae1e096e4d7878fd628b7d5932d92,NPR
5383db6911b1548b4e740c2e17a119d6ebb2726e,NPR
155babccbb5e9aa21b7ada32275b7def6792f23f,NPR
32b84029b524f0d0242b6fe5fcdfc0ebbc8e0e85,NPR
0609bab24f65801656f2f9120a361fb0d32c3ac4,NPR
ce450f24c9865ace84ab662bb7552e39ea595b92,NPR
69b687945ef4087ca70bf37c60c610d21712f654,NPR
20fa9e7486000d8c11e2354e635752487d7b2e24,NPR
83ea1d56da0a543e9d2c65efc1234c002082bfea,NPR
780394c11ce4fcf4eea76d614778de7ce7404e08,NPR
ca17d2fcbfe76eff578c80c21cc2774befcea6f3,NPR
b13bde62f5ea9b92e8de5fd34b39e6963bb26d19,NPR
2bc82d9b8287369c844d03eb0aebb0ab44ffa66d,NPR
5f175926752738c90249c1c24c16622008d67640,NPR
cfb0866185f9ef5d579bf990742729df8ec9e7d3,NPR
e5ded10a3cb7f5fbc6056fe4fa732ddcb97971bd,NPR
98f8444c598565deb2cc1541d53fd1046336ac5b,NPR
63fd0ab77c39022f4d700eb4f7830a8491609b43,NPR
fd5ca3b24b481046002c968d4d71ffcaa895ec15,NPR
0ed7e34590d4e89a22517f4f92050de9300c86f6,NPR
e9fcbc98b8f63c9f6623fb50090f433eaa9138e1,NPR
d9d6f1afcf3c5889090b13ebd6c411a49d1bb0c4,NPR
8aea827171732a03f6e8aab532b643696a1a46e6,NPR
6232bfc8969368f22d2c1d953110467fae920b75,NPR
ae695c3bcc720a6a89ad0ef1d9e7fa7d1601407a,NPR
92245d9afbaeff7845ea7540eef2c323a1c2973b,NPR
0ea06aa1ccc5bedc82d1f4a0f1b7b9ccbff2266b,NPR
85666a787a21ecfc6bacb4e8dc5b35884f622878,NPR
b3d893e81734334809265ca281431aa5c730631e,NPR
56cd592642be4bedcb91d7da445df5431b5a9f05,NPR
5fddcff5705fcba6fa1feb8bcf762d6e930d077d,NPR
792de08c272a1db3f677bb75eaa4478110d9dff5,NPR
4601785ebbfe44dfdd40f55405cfdab544e58586,NPR
e052c319eccd6086c28fa5371807d887ebe302cf,NPR
456ff3cbef24ba18b5d304483bacb9e15b8e005d,NPR
0d8b14d0acc742b433bda99ff9f17f2f75adb1d5,NPR
397fc05d5c90cdbda2d815a9601f9aa3cc0a2590,NPR
b4e12117e2c821aaf957179e4d87c02d6bd49ff3,NPR
9a463a5207fa1d0175551fa2c4962a13e4dcdebf,NPR
f688d46e92737e9f3eabb5118a6524e724bcb4ab,NPR
0e2dbc8b5e01b83fc1fea4d96ce038e3354f218f,NPR
630997d2bc4c72ef86dc223a859a5f97cb4c7692,NPR
1e0968fcb0189810547ef6778f677986623c90e7,NPR
2268c742f67c7f8cc920e73ae9bea0e4f71837da,NPR
e962fb974c014cf67e0234752f093ace2c101838,NPR
cd5b6ffd1a6c18db42c2c16057203c3d31efd1d5,NPR
5f1f2955cd8b020aba85e6814e11cf8d95b060de,NPR
6d1caf237e01e7cb51191d1ddc3e26fb0f1a0071,NPR
d32c85f8081f96d0cccbc9193407601fec95d406,NPR
833de4117dbb5cf2b35b515b953565a747041cab,NPR
14206ed677b4a50edb0f30cbd57329442a649bf6,NPR
9dcd38ba698b3eb2df20750be8e610183d782799,NPR
99437799a1ab94e66581db4248c41dc2278dfb1a,NPR
5b50cd5e5ab7ab7eebcdf7b3f22ac033f86fa234,NPR
e43ecc2fb3ebe366b5f9751ed92df9e8a170b588,NPR
bca72a5070e3f1a0d1ab62ad92fc1e8b2a6a63ae,NPR
54406c6e914900caa4abcdbc1d612b48967d62c2,NPR
ca82e1288f76590f2d6511a89cb87732d0575e79,NPR
12cea0336d6a71c5b8f843a3a500c0d72bc5cf2a,NPR
c98ffa44cc1a8b6f93bbb9695f266aec583416fe,NPR
554f8db0f940b2a53f974852a2af194739d65200,NPR
956e0ce3e982947385a71f3e64748a2a6404cb4f,NPR
71d2a01307ee385caed63d185ef3c0ae9d7de11c,NPR
612f2f798e7adee642cf0faef97a22c425e58c39,NPR
96642978dcf1b69cba68ec72cb2f652d59a8b5be,NPR
43de27f32b65c8ce22ce61cf6738fe097b7f42d4,NPR
956a2fe65d623395b3e5a4dd52120b69b87cdd76,NPR
485b7f944abe12724dd5fbecca84ed0e1710ac5b,NPR
930edea65e6382c0158876ad773ab1d87f67e5dd,NPR
af873e320af4a87c084218bd3ea8083adda508a0,NPR
69fbfc73cac221f0d132d3dabceb1be662b5708a,NPR
3307bd2ffc84cda89eef6c63df1a3d0972ffe139,NPR
345cad5b2f4c06a1bcc6794311a31226e9f2bce7,NPR
1a5c3655e2b1646c2b68bb40c99f7a7e62fa958a,NPR
fa64390b1bd5f1435daa9d2b17a58594cfb22817,NPR
5a0150722c870f53b9bcbf07b3f5d0b9da3a4c9d,NPR
e254a1f22172aa4bb5b304c754aa3884389d8924,NPR
8b16f33e00d6ed24f3c404b27bc76af4ddf20333,NPR
f2e40319f77874a4e8241ba1098202c04e55e371,NPR
c20726493c3fc46fa77c73d89e39c3f213b92296,NPR
f35f7d7e524ac807d218ecbfb0a149e2ec3773fb,NPR
06f401cb78800734ea510293f3d83d66636d133a,NPR
81425a53b6242293fe90397133b2a35e5580a341,NPR
9dbfd8a23704f312a76bde397a1369e37e806e9d,NPR
48ff54f68cfbdd8330a57f84d34bb853934c5758,NPR
11151c57bb50f335b0969068e1a0f4bacf9ead34,NPR
d4d596ea6716bfbaa3c5400745845d6001e96a23,NPR
7d9be7d83e1dafca6364e08b3c209d6a1972d4a3,NPR
597f4f69c0f3324f41b47c793676c108e510a778,NPR
933a46b164a83e4bae1c36b70695377a2c9c717e,NPR
7540efee3c097338641511a4d2aab39daad3baf7,NPR
1d39c198f5730c488dba90ae3042232255c060a9,NPR
c44c42a05d819161482e3326fa04b4dd28db96d9,NPR
d7a6f6c1dfd97879ef67fc07f88ee0e83d894d8c,NPR
a778f950c156cd348f34c0e0a77e43fc31d6290b,NPR
766089daaa3cfc4c950d9b8919ddb8fe26143d2a,NPR
b6846ee7883d07b03a2651b3c4cb9da7fb3f75b8,NPR
56c2ad0ba5ca2cce99eb192f6a9eed588050d8d8,NPR
42e0aff8da0c33ed683ed6af494763d34468189a,NPR
db156a98caf06061e8e44e0511f16e5cad585bb5,NPR
53704126c059701353df32403d49414a30df0dfb,NPR
489becbfb28a41980f0d5147d6069b30fa3b5864,NPR
f871b9469697bdb5c9f5b2ec6182d3ce6b939648,NPR
488fe5eaabceb4a9c927983395966959de265bca,NPR
775686902b3b7d73cc769cb837dc988319bec203,NPR
7c3e56b62140897ece2cac404d8bba6f0e66d102,NPR
dc9eef9a48b0343a5474a91aa6a2c11cb75a6397,NPR
eb41b10360c67f85687f9475e26178e6b670647d,NPR
1fa0a70cd2da80c4315fa45e59cf3ecd25e98ece,NPR
335ec257dc770bbece940eb969c8177e80e91318,NPR
0c14032e0b91112cc6061fb1ea1a641abbfb151c,NPR
7a7b5fdcf918350d30ca2453b1f5e29680729be8,NPR
958fc5d9fedd589c50e75dcb6fb60546bb58fc68,NPR
20425e24aae33097d25e04ff99899b206f05cdd7,NPR
65ab87ea4f121e4a8e4ab2809d1a4186f49fdb1f,NPR
e1cad2b5771e5c217eaeb7defaf6d24a6775ba7f,NPR
4ddeec03b37ca68060ea24f1bd8dd92b09ccfa82,NPR
04e1259956ba17a2581fe8c5d0b580c1e2ed0a12,NPR
7e7c9bf928981d68414edee126dcfd637d21e0be,NPR
852d2a3579c0041edd1e2e7c4e5d2680a20341ca,NPR
8b142a94caa29c37289c0c87f7e7ac9a449374be,NPR
54970737ae9e30a9ad6331f9c613f0ae3c1f4cb6,NPR
f975512c867e810b8b9e28ae638a9867f3ef5e1d,NPR
78885dd58bbabb217f9f1d672ce7f1ca7d9e3df5,NPR
4ba30eb74f9826e5a4389f418614390004d8687f,NPR
e90e4748384ea6c5c3470d8432ef63d5fc195a3e,NPR
d3d830f04a27afe789437c304b0f5104f5645183,NPR
67add8c6fdbb8f2968b21a7c54b33db151c0a950,NPR
66d496d5b630ccf1ff4c09b309e841a84340e9f5,NPR
3d2b9979e8eb7972305090efd0c3ec9fca65ef78,NPR
7f455efd7949bfe21f639cb008bf848a8ae4b2d8,NPR
933f33c4d2c58caec1ce579ec6a4a192f40a9b28,NPR
21a754292f19eeddb18fc1d0d9c05eb7d7d4a9dc,NPR
ce193ae9f303a26ad40b0e65c3425b8e054c237e,NPR
d3918a27bb34858763da436d35b36e1c5b892561,NPR
ddec51c82c048cd884e0182295f6bb1abbb61c6e,NPR
27dff46e6c09a19117bbb7168d8be8beaf6db77d,NPR
a1d18f7e469298086bfb827322894c678c06254f,NPR
15d6afe71b97d4944e6e4c1fb3eb180020fa4955,NPR
2703723b792b20d5f50e40a8e9b9775356975beb,NPR
d4afaecba861e490949cbfd68efa95c7044ee37d,NPR
f92fc53c8057e6f967e4d8926bddb2ad7777c5ec,NPR
db2e19bdde561378f98047b41e891c4cb645fc83,NPR
3abbac01ac658c7bb4b034e4b29bbd475aed0a2b,NPR
d89facc34120753178c36892aff4b0661d190d91,NPR
825ec450be07a456d3a34da60e96159c06c12420,NPR
ecc374d1cf7ab605a82afb32b8963e707107da88,NPR
ab9b00a92ee483692c940a541de0a3abd443fa6e,NPR
7e57c55416e24e4d45f47791d6478cc0a4211271,NPR
f008130af639c3ce4b411bfbebebf5456acfd45c,NPR
2da8d72e8969064e2bb90599e9f8bbd42beccb12,NPR
bdb46f9f99765dc6b4e570413182b3794b33d200,NPR
460f835e5681f27bb06899af943fff2928443b32,NPR
d53df4b251f05acc580b808184be03f16eeae06a,NPR
f0138513278c1432c11970d44c02751f9f1581b6,NPR
c1167aeabb476b07ce38dcb34115a9a3299d5f26,NPR
5bc50c5852fbb1df5aa7166ea21a7f8e346ee82b,NPR
f36a0bc4d03fcc1b30c39a9fc76251e6429c16cb,NPR
50d62c27121d4e56a48ca2c4e2ff759d6ec47c4e,NPR
f42556388bb8ad547a55e4ee7cfb52a99f670186,NPR
340f812faf089bc17b5253ef73c51d6a570a2fc5,NPR
19deb6dd0344abc51087d9a8c2f6c0cb4649b088,NPR
0484bd1ecd62419d8e9274096f53d72c6056c025,NPR
83f37d19b6f3b2e9c039f90db4966ed6c79cb625,NPR
e51efefc9af267f0c6e16d2995eaa66e675bc57f,NPR
0b7a6e9818c9369f401038373bfe4361e4fda3f2,NPR
cc91245d85ac59106181127941220e8033997b07,NPR
937f3868db7b625a632d3512d8225c594c60e1b2,NPR
9140ee33d3b15e9ef3e80d453e41573c32cf1169,NPR
ed27ed465d6ff7a387a8f2c16c58c124824bbd4b,NPR
b00ee1210a93df491de99a05f8a88946a8d04689,NPR
9cb631d9f94bbb5c9a1ce30645f6289799234ed2,NPR
8e367b5f8a498199856042d1977bb654009ee2ce,NPR
647c78fc81e9a4e4604371670db9453c65fa39f6,NPR
78b01182ba5ea6e84655ac919b8edd3a01bc3d20,NPR
26248897fec345f16f86eef93ea82164c23a3738,NPR
091287daf213028344f91726272af42c5b5c56de,NPR
3228f82c1e7e87dfae26656b0c19815a74d155f1,NPR
20972a26419d1677cb0f237427f496973e43e9f3,NPR
056bf5e101b23ca8109f0d857507907618364d0e,NPR
daeee7a4b291113a40a882f1d366d9bbb736fd2e,NPR
03ed210324913fff98ecd3d3e84ff2b3359d471b,NPR
81fb43cb3fa525ba7246e5b86b5f51d30ce45ea4,NPR
8e8ed3ec989e68c869b4a04edb2f093b4479488d,NPR
1e6e4979cb2583e5796613b00b814ae49d44b780,NPR
841b90dae603e06b0b5e01d37775969399a1512b,NPR
97db1f8d6b5735b198b1e25c396e76ecf6787d95,NPR
53332470811f9f98a791463d681d2ef09b4c7803,NPR
7ff1ff8c3a428ac882038870f57b61c3a9a7202c,NPR
8296172c76c43edfb9831eac7fc012e4a32806ad,NPR
96faf2ecd985dfc838e2bf6f6ae4d9d4b310861b,NPR
955e5c25045c98cc2aa8a6be86e340830d79dd28,NPR
0728d42479f67eb50708d821d89a94c4dccc8e6b,NPR
ca4578fe08f1d22b11b16803a460fd978e939cd7,NPR
9bf559d75dc9498b474d3144f090a17ab777f082,NPR
f843bf250846cf1e3d31accebccbf6838ebacb19,NPR
6f00af809f061c49b0d307bcf80ad51882f90d6b,NPR
d821ef79b9fbca3a08506e3f9d055d4e8f2c8797,NPR
c66d62ba74ac3edbf14968ffbbbc79b8a8c050f5,NPR
892e6eeb2e7686712a4f56e35bf3351f7e5d9e9a,NPR
d91d14dd8d8519a72e79bedb4cc3bd0cb0ae5f3e,NPR
4ed6f92612dfefda203750775e922287d876453b,NPR
0f927ed2cf616b80855b4321e0de424ac7e42334,NPR
8dd48a66fee48e5355e6eafd1988dda71fa0b0d9,NPR
09298ed16fd0e4bb98be702b9189849d48bcf2b2,NPR
8be9b70576abefd15f9842bd6d0a64524cc6233f,NPR
aa804c3f7805185b7eb46e0d1752cc79dc8df182,NPR
e20608536cdb735f60e4c38be5dae411a00d564a,NPR
e9a53da9ebdf5a2b9dbd1eac8579dc86a505d5e3,NPR
b5697d50a0d4d51d2a862ffde2e4064cf0cab916,NPR
1b175348fa20259393d15b378031fc58b97ecc88,NPR
6f2d1ffa384de75182ee1e178a427c44f5cb3ba3,NPR
5a6c8a5f60f8c42f8f3521fcac7e3d93e0fc59b0,NPR
89986a820dcc9ee491a826833e0cc158d01453c8,NPR
d2659dcb2c7ef0d5c7f0465ef7868dc018b31bd2,NPR
cc1a84ad351c5e5162afd85e14fed48f88753b05,NPR
968fd4dbb283a6922a6ba5919709559ae6f85974,NPR
5024910f325d4e2f442eaf65f7673fa6b0289b53,NPR
806fb2d458f2b88a39255e4111b9542ef7c10c64,NPR
1415e9d6db974c8db1151d74013fe48889193eb7,NPR
ceaa754c78516ed3a6400bc90cc316369f7baf93,NPR
42e0d252660464a42e444b5289a06e427a0ef2bd,NPR
74564bfb7ca768067b5554dc7c4373f43b8be94b,NPR
6feec20c842586056aa5b19c402b26be08c88ca3,NPR
03e53a61193545dfc6f86ac2f4b1b2e5e941a334,NPR
90415e79301ce56341ca8e7715cb296200c0d6c6,NPR
84518fc8f6da4e829442eb1019f433e0771d7512,NPR
73a804213d5964884e6b70f67713bd905436563b,NPR
2842a4539dff496086a07d97bf0aaec86aa13cee,NPR
2bd38829769b0133ba27dfca0b3c9ac902d7acb6,NPR
199cc5fa8a253207d25dbb6032b04d4ac76708b7,NPR
2148628f03f2143eeac79fb1d95d0421b18a19e1,NPR
59a27bf534174e46e706250f2a54c2ccfb4c487c,NPR
88757c910b8169ba353d245d8342b97287cc16cb,NPR
77157686a4cf78d31dbdd438d67c856313bf3523,NPR
77b54af1be8eefcfc34dfc719b86f3ec2461ae03,NPR
23104544cd5eb78c422393b02ea36f5266049fc1,NPR
98f3fe64a5f4b3c73d840239e6cd2c9fb2edf22b,NPR
e5a1908556cd87c871bb5ab5c6a83b92c2e3ac7d,NPR
4d1c109708f39d031c09b2eecdd21de2e1c80570,NPR
5bf901312dbb0394397be4a212b20396e60fc710,NPR
e797e02c39d8aa224cb88e35f5b0276badd0a5b1,NPR
ec87602696eda938644abd3a2f425d651edbff12,NPR
836024f05ee27724b0f74c3214de33863fec1b67,NPR
7db467ddec7c2899038249b55695b7e44c7b5c3e,NPR
973fc9ed589bfe77b92600feb651171ddaa73214,NPR
dee534432d54adb1e390e70168cdf5a3507d556c,NPR
db953d41d927791f82f93807ebafba75264f77ef,NPR
102a23e182a74d6089658d90cc9881b5025cec49,NPR
0ce64809707ed2cfc802a9098ace3a23694d1e0e,NPR
a040334e6a10aaea18a10b5df4e9e326031b85ba,NPR
4715403d6f14e9ed11621b31140ea377591fe5a5,NPR
ce227f00434101c1928427482c7fc054cd6fdc91,NPR
70c58f04b8477e39f6a34ed284a9ca38b0c2ca9c,NPR
e197d5edc39fef9f8a94ff02d67f42696117fbb2,NPR
2a1a07588a4451bf268faa246548504879eb1b22,NPR
7d73a057635512783548d6952cf3f1383b14c772,NPR
ac4e14e1d2c017a51c6ffaf5c93f5235a3cea799,NPR
99ebb639fe2e9758b91474456eb8ac9ed597209a,NPR
a2b0242181bc48799852f142445849cbe8df8d15,NPR
b63012d869a35a6ae9d8e2ff5d60d5caa4bfcf28,NPR
eb77fbe05c07e3a1fd93c2eaab89f8cc6ca7016d,NPR
666faa8d6d66c60c69fdbcef3cacf32b54f0b0dc,NPR
20daa08127b809303219fd4118880722d2484a19,NPR
6ceac4aa887073518f147c32c9ee55edff34add8,NPR
444efa060f168139d66d84e9706b4f97bfb51de4,NPR
c60d0b0de4ab7ad02bb9cd97655850688b38133c,NPR
7a5f167868de1b597a183e0e29f55ab0b0f82eeb,NPR
90b3d7e766dc84323ddead630ca26facad4e9571,NPR
02a4a4c9ef708499d2509634bab969ea483a01fc,NPR
8b6579feafb9f781a2a1aa4b162f3f328e5abc23,NPR
afbbc81fb57a8ec232b4a1fc59b53a6af8afbf77,NPR
9c68e98ae699a02143ab00f62af30ad2e0836fd5,NPR
43a6ad71a08fa3cbcf2ee1f03f6f4d3790dbb99f,NPR
2bf259e63e59bdfdf307b91f7bfd9637fdf89697,NPR
77510fbc35c4cd43bf041d2b2bdda82005d5cfd9,NPR
0f3804285a6ef15060a70ce2a80421c32eeded3a,NPR
17946af0463685e2a499c361029d571a93133e10,NPR
3756448312afadd6b731ccd93543b2e86f1beb29,NPR
5b59f39d55aab14d20fae146cb5302f05f2d9829,NPR
715a0c4d67f68e5ef234ddadaec73bb3ef1646de,NPR
4513e78a069253e6bb971f38511d1821d51b7717,NPR
d727954c9012e984d246754081dfa4546ab2d5f9,NPR
871783eda5237ccd61d0175315d745e0b533f69b,NPR
49cd034f0ae7c45a31b37c191d2b8b87e18a4868,NPR
ae4556ee6dd03ce96b2ab746f02e37c0393dadf1,NPR
1ba28fd21d2c5d7e1044ad3c9c80acd0f1cc60b7,NPR
e96b1ab59b5b1ed3abc01b30c4e423c03698d906,NPR
85c2d5d1c1ff14ff19cd6f819012a9366d81f201,NPR
09e9fbf1e6bc512a22dbe95defcb777c381c16d4,NPR
cdd20a909b51d4b45303e0867555bab0cf843254,NPR
1fe80436b1c9273a53c6b26552d420ad68a87b11,NPR
76104371f99b6267b15bcccfe41072cf1f78a514,NPR
9260cad58790b361695ad5d92435520357a83515,NPR
9a0ee60ba50ba35c5e1f4747ccf179b542f4cc54,NPR
482335b54e5de7fb2fb2f265628c186850e53e8e,NPR
38bbcddf51432160ed567dedac1f7ef1aa7e8aee,NPR
ae990d4d0dbd8203973fe3190578b65eb8624d39,NPR
0dd780fd43c312244528d5a7446aa6118efddca4,NPR
7830e37fcd6af97d5c10502e6b12a33e98a00a91,NPR
fde3199695c4128e3e437b5389797f00a13f809d,NPR
85d484dda9b85ae81d83dcb636ac03b2c6d1833a,NPR
58223dbe1b92ebeecd39adbd067ba864c85e8552,NPR
c776547da60d624be7de88ca90ee4768fe28dd90,NPR
8ee7d0f6c06b72417ecc1a911e933bda79535f36,NPR
fd181b6abf274629f5ceb384e5fc48f37f76b9bd,NPR
59459ebbe40cff804b3d648815809e08641fef8f,NPR
1377b13d1367a4137a0e0e42d0d6aec56f56df31,NPR
659eaa41609bad64b7ce837032c3dd681a30f920,NPR
03c486f1184646121b48c36bca0fcb416420167f,NPR
001715ec68c998cf3e4acf2a6fbd5ceba13b72e1,NPR
8a476256f515f3930a22e9858ad9f19ae5e3ecec,NPR
6359cb3ef2c201d0118dcbfa789dd7bfa133ad73,NPR
b1e4eefe719fee95c91fce28f29d4d3a12bcfcd2,NPR
cc66ddeb8cd34f9709b7d557faaa42428bf3313d,NPR
e69333b69b8d486d08caeb95b9ac228a91e8e67b,NPR
e0780ca25fd1c37b50a80ea9d5e9dd55fa983f66,NPR
98c29723c2e45db263122c4ef3d50dbd0dae0388,NPR
97c1ebe02460ed1d6a4bb29b14576d148514d727,NPR
638f63cea1709d23f4da01b7a6b4a3b28d6c834d,NPR
32455470307972db3dcbf6f01c97e71be3132ef5,NPR
faf688e196cb7d0655527bc5c83dfe3cd12e6f43,NPR
144ba1fbcc0c533b565192271a6a171b0bb8dad5,NPR
32c799a1ff45cac829a4df0520cb488ee6732963,NPR
97116ed8f5d7502340b6fb1b6887747a622fb01e,NPR
0708600caf02ac93a4fc1d1cee56f5631a9e9d47,NPR
a7c6c507f1a7b0269e76caea3eb4dd083d2311ac,NPR
97c69f2ab36f72fdffe56f8036d0eeb482efa098,NPR
4365edb4dd09c1d924a823e42b8be7535a331030,NPR
1f4aa30d2579735c4b02c3563ddf641e0b825dc0,NPR
bdd72909ac87ca70b3ddaaadeb95a4777c3ec479,NPR
453a9ed69368630b4b3fc48810bcead65602d560,NPR
de7a5824ed5542fb2f3ca902c1d9e7b6669a328b,NPR
3276d4a87200549d0c8317958452d830b2189e27,NPR
f59f4f95644886a03897a74445f03dae4050fb44,NPR
b5f6d036d1bb709afa0a2a79d26ee2943a03c5a1,NPR
b2d35f20217df77d5775c44fca8d73a4292fc853,NPR
1ed2ad0b47e53ea288ad0840fbcab22ac35fcb99,NPR
3b1f463aeb937f62a2798cd365ab218e18b25809,NPR
2eecb81ec1d5df5a5d360a09ff7bed786a6bd05a,NPR
91de717340bd53b62a4be3a94125a305a8b82fdd,NPR
8fe36ef99d790c336edf5654886d5eada7d4d299,NPR
7cf3ce989cabd35444a67603a39527cf2aee4a31,NPR
51cc5390ac44ca47b9a7411d637df778c328ee21,NPR
910673a9eddf4e40ef32438d0945e7e38272ca74,NPR
5db1173da37cc7fd06b4a6557f9dbc74d350a939,NPR
e080c16b2d29c09e48872f0e3d05f6996bd911e6,NPR
f8117f440fd4aedb37ab441cf1a593e9a1311ea5,NPR
a94a8bdcc0977b97ea111882e0a493e13cbd53da,NPR
cdd3c3a9c8484ac2ea37f85440e450cdc613b5cd,NPR
a530a0a6af31de46a2d22509dc1d7682c5f074d5,NPR
57edd4b99cb18aa4d5b3d4dd0440ec3e223c0ed7,NPR
3de666ab0b94c61f25758dca8981d542240d8c64,NPR
b823c031db8e475c98795df19b73617e295ede19,NPR
2c2aa92ac186bd24ccc4dc9a0dea809324246d68,NPR
62a4aa0035686b9939499d214e565ee94b190318,NPR
923f8be9f21b3702ed4ce75d0cfe24ec0e4c5596,NPR
6efeb3f67b1078a6baa83b459f693fa0731512b0,NPR
da06ccb1b37eec8014d789c97bf71413dce9f8ca,NPR
8aaf7c09f20fcc79ec32d488623c20e81fb7db7f,NPR
a54bb9509deac4265f2322e68bf68b4b550afe38,NPR
b5f58c066b9e8b12561a664dbe8b769cea5d0be1,NPR
0c19d89623a99aa0f7ccf03ee2c3baaa3247fc97,NPR
3c277101d854d9e78e3cf96c6159c18abb7351cf,NPR
96633b7f3715788e608273117a3831ac5ab972f6,NPR
b764a21b53b64f9df0c957cc9af6f8d7baadfd47,NPR
75f9a04e799428e3a5931767e3fa65967b60b74c,NPR
60f3ff36947518a40e3ebeb861295e35a5c64719,NPR
9e178a58c100bdf810232fff57b45f4b9274eec2,NPR
c593dd6c08824d5d820f34066b42afaedda4d8fa,NPR
e93eedb50f5b4a45187d2a8d19e62b79a3e43da4,NPR
8385cccbc16096e6e6a3eda2cde82a12b48d39ff,NPR
d0a34b2782ba849cada1fa3485c5f61ee5fd81ab,NPR
0ba228a08617326f2c03accc8c5f4e6699eba2c2,NPR
eb30383f399bf3fa94e57f57766c32967daa27df,NPR
3713194485e0436ef1ea63dd9403484fb6a09b01,NPR
78e50e2521e2377f8f02b2cfa605bda44091cd2b,NPR
77b890a564feabcc0854e419684e24f854659a1f,NPR
e8cf8c73e3273f712ef008f54062ea02dd1e2a39,NPR
4694a803a5d5b0e8f9b2d9503b3aac6e7c72e5fd,NPR
1f5eb21cfaaad60b416c7adf4c42c1880fefd7b9,NPR
dda2feef0d7b0d8db3d189ed8e2b6cb215b6178e,NPR
048b8b4f52d4aca63393f203f93561eb75e24082,NPR
7403cddc442b91a42940300300296ffec7a6b918,NPR
6608ca2983c25179943adeffa6ed2a5537d14cb4,NPR
3108309b6173afa4e152e1f578f883309cb7f9df,NPR
36bfe1b7c2976e4c34cae1727376b69eeae4d78b,NPR
43df4377b41fa5936ae6e59309673f943dd43751,NPR
47e6729e5a223531d420df9033bd1f0f5cfde0b7,NPR
a5bf03f0b897404c57080524dcf15d36932ff42f,NPR
35cf784326d35749208dce20f4e47cc72c1651a1,NPR
acd98a706c51fc4654942eb862389359cbb73cbf,NPR
f366c55b36ab9b84bc7ad7b7094cfa8c4c44e6c2,NPR
bd892542a2431891a8ef76a0fbff5666746277c1,NPR
70e8efb095de2786ac8d2319a695a17e0d5b034d,NPR
178a1365304ebe1e13b41d6f05bdce463fad625e,NPR
5e210e72d4a56473b87540556b93962ed8bf8c8c,NPR
f0f3859116b7473756be28dd9672c6b893f1c996,NPR
21af7a746fefa8236a5ceecb6c9c6e5f90a14e47,NPR
4791238d8db0117774753022155e7036408f4726,NPR
f8de993ddbb725f4b6c1fdfd5b08c896fb33e0b8,NPR
4eb6e07d945217a7b3335370d64f6782b5e8f577,NPR
71eb42e4464df1e9c2abf335dc2f5f52d986ae32,NPR
a11264c4c0c5a5f877d0b0867621f515bb973899,NPR
7adc82262ce000bfaf8dbccaa8e4aff98efbe698,NPR
5074ab0995a8ff9e93e64b81f5090a471cba9b3d,NPR
ea02b192737232d65063e953bfceded462243227,NPR
af2e82fd7c8c30157aeb5050b9cbbe346b02eb8f,NPR
bb2fc8da7ee35cc721fff40fdc57484d19bf75d6,NPR
31be98e11ffc819b01ff73d7cbcd3f54c946a3db,NPR
b35e5e6c008c9935a0c526653fe9fc2e064bd021,NPR
93630efe5b4665c99b07b5a26e906629dd8887ac,NPR
781d3b91fe5ba20a1a7f7e4cd8d952dac0a9922c,NPR
e076c03283d929e0342720a0cbc8c3e398aa9478,NPR
9c333dfe03fe6b85cc1056bc5d282c19b5fc8bcb,NPR
e0b7afe842930a1db51f53204eb5662251f1a120,NPR
b5127b51029b1934f2141ba3a12d70369730401c,NPR
8e87be85abceae11c1a6e647da8b5b71c8407e9f,NPR
722c294241fcd706a4de84892b1ae795f7d98db0,NPR
3fdce0cce98a0ff60b30bfdc3ff0d50b124cfe9f,NPR
a8eb65dd6d4da0faf8b329de8fcf53ecd4c2fa8a,NPR
80b7c195dedc4f64647b92f8eb2d9295bd3de541,NPR
d0e0fdcedbfa48a1330ee9452d510fe3f4bb129e,NPR
5aad98a52b3eaa39e7ce58724123a9aad7f0a623,NPR
20960cf7c2e9f3609be285bf9aeb718f840d8c51,NPR
465fd8e3ef598abf919feeb01577376b492558a0,NPR
9b53cf5e214aa55f4eebee9e61cb25af21e35ec1,NPR
a24ae3a813cc5fee1cf4ce1f13bdba0c9758cd4a,NPR
6a0031bb1ef9f9a2d72ffdbb64cd633d1c159fca,NPR
2bde93540badf8a2f5d88092bd6736a63b4cd48b,NPR
5a44680fcc24d60642e46be73300d5a4a58a84ad,NPR
bf550f3165e37029966b46d8514753a770cdeec2,NPR
d8bed348eb375baa4a2dff933fdac1160ad35f67,NPR
dbb9216366a16b5a8d36325ead0ef414a62fda07,NPR
fdf1663ef024c89535aedef8f890a34938db8c4c,NPR
3b4b0a174949ddc83bbba5d74283a243c866844b,NPR
7d82131030a04ce7850e48d10614e9e7594491bc,NPR
46567cd90bdd047bd6a2d51daa01664b813af7ca,NPR
29b908f1b8dbe1259bda9d2f70621da8a059d41d,NPR
b9c76045e5bec3b559e28cabc5c957b29281a007,NPR
7f91ce0b2c714df4f8e77dbabf2fdfac0f407f00,NPR
569c9e9ec6e53ba54013d254825cf293257edbf6,NPR
cae4ae11328ca7a04abf447927fa15089c172400,NPR
8386527bdbcd1c41e05ea0ac5bb983985e99fe3e,NPR
7ebfe0b1c99d2d3a710b8104518e4c6707fadda5,NPR
728ffa4aa2fa0e507bce0215350768c75321f098,NPR
acda0f9e69043dfcf0a6758ad4dee0af1de3b4ac,NPR
732cc1100ac8f10822c17fdcdc0972fb6ffa43d7,NPR
8fd31aac17000cc220765499cd297f14134862d3,NPR
1b6aa7b5df4290fa36f5085c6c4bb8f704f4f11f,NPR
c2b69429e5f8791022b3b6c1bbb585592983f880,NPR
f91e8b4fff363ca5ed9b42a841d26f8a3ff416fc,NPR
32dcb70d4363ea32f664dbfc528531bc70c18fa6,NPR
c4e921012a3e6c92a0644026b4c8f602cec59759,NPR
e97483f09581f2b2b4525180877fe107dcb2f387,NPR
105102ba5bbcdd8cd752f9a9dd820164132688e3,NPR
c98ad857667f0107b10b7dbfdcb6d90a2e860ea3,NPR
ee1e08efd3e832e366d59312740b26c3d479f110,NPR
ab011327d740b457eb1e84ff8fe3a8db9c16804b,NPR
d6e77d04f13ccf0c63250ad8b66c79ebd531f383,NPR
fdabf130cc747337556306cfaa54b6e05c8d716c,NPR
b712954e0a4d7bf86f470d123f1768e07f14d6c3,NPR
1d63a6be29127bd3ebe48bfb80ba16f02a1dd344,NPR
a2e846e5e3eef05c00fc6edfff2eefb5853e9c5f,NPR
e9e2a6232cdee0c66a0208b46af2b8d64bba6c28,NPR
cfeb1d5b475c3a6952f4599c57bd3a935395e51b,NPR
6cfdce3eed883e10b0c67ce4b4e7738cfcb1fc7b,NPR
eeeb51e5d67af8826c4c75e88fbea5845d62a8fe,NPR
6eb76dcf0af67bdb6af71eb2db45d6cde30c3ddb,NPR
7e89cfe4d854e5c1b00d6f01b3790ba2d3c9738a,NPR
51c63d34f0d5c6b05eef9e0d9a7af296bc07393a,NPR
0a9bf7b8677e432c01d29f94b763304c98562a80,NPR
a3cf946574ff4373fe09c581d3903568a3c5d7e4,NPR
50db27d2376b51a74acd06460aecc3aff9e545a4,NPR
a7c8e8200261bdd8b4b98e7342c54061b6a524a0,NPR
6d63f346015d20139cc98ba20c586745c0a3a5cc,NPR
29c1f3adb4597cf8f91854295d705bbb0beef552,NPR
9bf408af37aa1229a0d5bf44f7402e588bb251c7,NPR
a51fb6d821db7e50aae59c1f40d5890ae97a3602,NPR
b6c54cf06167b7ef8b45a67e8ddfa427e63c6c20,PR
4f48dbb1b38cfd0bc4be61779c006039821ad8b8,NPR
9104ff825e65a3188dc8e020e22680fd5bd0f30c,NPR
fee84e0bddf89c499805e91f3fd0884639fc4433,NPR
0b7227cf2c2f5e88a294f307f63ee526020ed759,NPR
d1de08087ae1af8dbda9fdc6488276212c05a0eb,NPR
c4d3012668bc551f7219e4df8072bdee623bfec1,NPR
6cfd1e99e1bbcb0ccdf3a8e0273efcaa48d4d1bb,NPR
dc1ffc4437efe2d2c79030b00366fb1fa22d44f8,NPR
e7fc5d0263b5d620bfccd55b2fb67b4d6b2a197f,NPR
b192320b6d571df0aa6451b60caa0f37b9bc1a41,NPR
b11863ee965978a278afde97c2a492754071f041,NPR
abb40fc0f54f1abb04abea55060feb074a5f5a0e,NPR
29a438d7cae1d30a155b5a60c4a8dc9744a7a94f,NPR
38cd226dfeab35a151e9dd703ed393358081c451,NPR
28aec408a6a56e8199fcef7679ea13a73b7e1331,NPR
3c407c418a3ae127f7dbc147e2f78afe8b6992ee,NPR
825a337bf30fce656eac8d6520cd591516588756,NPR
d9d88ab41c3984f2d978dd616de04e9996530d4d,NPR
99b82b19d941cf2ec20204fadbd285d6dbed1112,NPR
15dcedb04c3ec08a0a4181a58a754c108873326c,NPR
691c817296dd65ca87e1cb89c3de394328d8ca74,NPR
acbefefce91fd34875eec326861f5e937778f75b,NPR
9daa41ef646cc39e5ad4e5f7301268fc7041c2ea,NPR
c32c3820b332f455bbf412c8882bdda2e2b43e13,NPR
77effb50cda826eeca35ac2d2e1df165316121d8,NPR
df4f4cb4cf3e2f7a309061c40d11a9363f792b30,NPR
b15fbeb6ee8cb3320fdbbed42c51094243eb7655,NPR
9864e278cdcef266c605a696d8bbbd167c0c55da,NPR
e9d0978892a5ffbd6d758476911c95689c2dae76,NPR
5d6618423041d9ce90757e78d61da764fc771bdf,NPR
dc5c82e4af87577ac1b540b3f7e9279159185278,NPR
157f2c490003c7494af8ecb7d57880cda1fde736,NPR
b5629863fd2d119bb6bd3f01a191c4d86e109f59,NPR
182cb8eb11366d8d2d28a14b7a49c54196b60f82,NPR
0c81a2696dbde6f8913babc136356b4efabf2cfa,NPR
257ec524f1cf1bd7efff0980faae9be5708f19d0,NPR
c51f5708e955e937bdde0868345e1e1ce7df39ee,NPR
d005e6cc824150a30acdbab2e3919582a8d27ccb,NPR
4427116871c623f9f8f274de5870bb9995bfd66b,NPR
032e5e19a03c7ceb760d9d705079784a405f4b38,NPR
04bba3935bea698926ee77312826ca47931fd5a4,NPR
e491c2858559b13d177daf161e0a3d25f7e1b80e,NPR
35f3ab4d0512edc2d1ce13a7f43cd75b3c63c797,NPR
c4dd84e4d505baa90d8d1675c1f60f8d6ce90db8,NPR
3d3dedc656e331ab1a9e28efcde96bf71c347daa,NPR
ad47c206f4fbf22f439f3d66871757891f549f6a,NPR
73efa83e7ee2486546bc9e3d789cfc90c55369b2,NPR
bc2799fcda6a1b4a460e3ea1189ebec32ccd071b,NPR
ee05eadad77ba3747aa7fc34dd5c8fb63e8fe866,NPR
e3b519e1db02e7c0be391669336da28697bb958a,NPR
7b22a8936d1d2ac41ab67508a7b3a705994d180e,NPR
ed55a581dec8be8829e7b97488a2b36982d2fe39,NPR
233640bc97d4afe32d34ad2f335098045835cef9,NPR
8cd1e24ad7cb031b14d90db64c49ba0a68669463,PR
